{
	"credit": "by Fostik_",
	"texture_size": [64, 64],
	"textures": {
		"0": "./Create_Katana"
	},
	"elements": [
		{
			"from": [7.25, 7, 8.05],
			"to": [8.75, 32, 8.05],
			"rotation": {"angle": 0, "axis": "y", "origin": [8, 7.875, 7.425]},
			"faces": {
				"north": {"uv": [1, 0, 2, 12.5], "texture": "#0"},
				"east": {"uv": [1, 0, 1, 12.5], "texture": "#0"},
				"south": {"uv": [0, 0, 0.75, 12.5], "texture": "#0"},
				"west": {"uv": [0, 0, 0, 12.5], "texture": "#0"},
				"up": {"uv": [1, 0, 0, 0], "rotation": 180, "texture": "#0"},
				"down": {"uv": [2, 0, 1, 0], "rotation": 180, "texture": "#0"}
			}
		},
		{
			"from": [7, -4, 7.55],
			"to": [9, 5, 8.55],
			"rotation": {"angle": 0, "axis": "y", "origin": [8, 7.875, 7.425]},
			"faces": {
				"north": {"uv": [3.5, 0.5, 2.5, 5], "texture": "#0"},
				"east": {"uv": [4, 0.5, 3.5, 5], "texture": "#0"},
				"south": {"uv": [5, 0.5, 4, 5], "texture": "#0"},
				"west": {"uv": [2.5, 0.5, 2, 5], "texture": "#0"},
				"up": {"uv": [3.5, 0, 2.5, 0.5], "rotation": 180, "texture": "#0"},
				"down": {"uv": [4.5, 0.5, 3.5, 0], "rotation": 180, "texture": "#0"}
			}
		},
		{
			"from": [6.75, 3.75, 7],
			"to": [9.75, 6.75, 7],
			"rotation": {"angle": 0, "axis": "y", "origin": [8, 7.875, 7.425]},
			"faces": {
				"north": {"uv": [7.5, 6.5, 6, 8], "texture": "#0"},
				"east": {"uv": [7.5, 6.5, 7.5, 8], "texture": "#0"},
				"south": {"uv": [9, 6.5, 7.5, 8], "texture": "#0"},
				"west": {"uv": [6, 6.5, 6, 8], "texture": "#0"},
				"up": {"uv": [7.5, 6.5, 6, 6.5], "rotation": 180, "texture": "#0"},
				"down": {"uv": [9, 6.5, 7.5, 6.5], "rotation": 180, "texture": "#0"}
			}
		},
		{
			"from": [6.5, 4, 7.05],
			"to": [9.5, 7, 9.05],
			"rotation": {"angle": 0, "axis": "y", "origin": [8, 7.875, 7.425]},
			"faces": {
				"north": {"uv": [6.5, 5, 5, 6.5], "texture": "#0"},
				"east": {"uv": [7.5, 5, 6.5, 6.5], "texture": "#0"},
				"south": {"uv": [9, 5, 7.5, 6.5], "texture": "#0"},
				"west": {"uv": [5, 5, 4, 6.5], "texture": "#0"},
				"up": {"uv": [6.5, 4, 5, 5], "rotation": 180, "texture": "#0"},
				"down": {"uv": [8, 5, 6.5, 4], "rotation": 180, "texture": "#0"}
			}
		},
		{
			"from": [6.75, -4.5, 7.3],
			"to": [9.25, -3, 8.8],
			"rotation": {"angle": 0, "axis": "y", "origin": [8, 7.875, 7.425]},
			"faces": {
				"north": {"uv": [4, 7.25, 2.75, 8], "texture": "#0"},
				"east": {"uv": [4.75, 7.25, 4, 8], "texture": "#0"},
				"south": {"uv": [6, 7.25, 4.75, 8], "texture": "#0"},
				"west": {"uv": [2.75, 7.25, 2, 8], "texture": "#0"},
				"up": {"uv": [4, 6.5, 2.75, 7.25], "rotation": 180, "texture": "#0"},
				"down": {"uv": [5.25, 7.25, 4, 6.5], "rotation": 180, "texture": "#0"}
			}
		},
		{
			"from": [6.75, 2.5, 7.3],
			"to": [9.25, 4, 8.8],
			"rotation": {"angle": 0, "axis": "y", "origin": [8, 7.875, 7.425]},
			"faces": {
				"north": {"uv": [4, 7.25, 2.75, 8], "texture": "#0"},
				"east": {"uv": [4.75, 7.25, 4, 8], "texture": "#0"},
				"south": {"uv": [6, 7.25, 4.75, 8], "texture": "#0"},
				"west": {"uv": [2.75, 7.25, 2, 8], "texture": "#0"},
				"up": {"uv": [4, 6.5, 2.75, 7.25], "rotation": 180, "texture": "#0"},
				"down": {"uv": [5.25, 7.25, 4, 6.5], "rotation": 180, "texture": "#0"}
			}
		},
		{
			"from": [1, 6, 8],
			"to": [7, 26, 8],
			"faces": {
				"north": {"uv": [13, 3, 16, 13], "texture": "#0"},
				"east": {"uv": [0, 0, 0, 5], "texture": "#missing"},
				"south": {"uv": [16, 3, 13, 13], "texture": "#0"},
				"west": {"uv": [0, 0, 0, 5], "texture": "#missing"},
				"up": {"uv": [0, 0, 2, 0], "texture": "#missing"},
				"down": {"uv": [0, 0, 2, 0], "texture": "#missing"}
			}
		},
		{
			"from": [6.975, 6, 7.5],
			"to": [9.025, 32, 8.5],
			"faces": {
				"north": {"uv": [10.5, 0, 11.5, 13], "texture": "#0"},
				"east": {"uv": [10, 0, 10.5, 13], "texture": "#0"},
				"south": {"uv": [11.75, 0, 12.75, 13], "texture": "#0"},
				"west": {"uv": [11.25, 0, 11.75, 13], "texture": "#0"},
				"up": {"uv": [9, 0, 10, 0.5], "texture": "#0"},
				"down": {"uv": [9, 0, 10, 0.5], "texture": "#0"}
			}
		},
		{
			"from": [7, 3.75, 8.75],
			"to": [9, 4.25, 9.25],
			"rotation": {"angle": 0, "axis": "y", "origin": [8, -3, 8]},
			"faces": {
				"north": {"uv": [6, 8.5, 5, 8.75], "texture": "#0"},
				"east": {"uv": [5.25, 8.5, 5, 8.75], "texture": "#0"},
				"south": {"uv": [6, 8.5, 5, 8.75], "texture": "#0"},
				"west": {"uv": [6, 8.5, 5.75, 8.75], "texture": "#0"},
				"up": {"uv": [5, 8.75, 6, 8.5], "texture": "#0"},
				"down": {"uv": [5, 8.75, 6, 8.5], "texture": "#0"}
			}
		},
		{
			"from": [7, 3.75, 6.75],
			"to": [9, 4.25, 7.25],
			"rotation": {"angle": 0, "axis": "y", "origin": [8, -3, 6]},
			"faces": {
				"north": {"uv": [6, 8.5, 5, 8.75], "texture": "#0"},
				"east": {"uv": [5.25, 8.5, 5, 8.75], "texture": "#0"},
				"south": {"uv": [6, 8.5, 5, 8.75], "texture": "#0"},
				"west": {"uv": [6, 8.5, 5.75, 8.75], "texture": "#0"},
				"up": {"uv": [5, 8.75, 6, 8.5], "texture": "#0"},
				"down": {"uv": [5, 8.75, 6, 8.5], "texture": "#0"}
			}
		}
	],
	"display": {
		"thirdperson_righthand": {
			"rotation": [0, 90, 0],
			"translation": [-0.75, 5, 0.25],
			"scale": [0.82, 0.82, 0.82]
		},
		"thirdperson_lefthand": {
			"rotation": [-178.75, -90, 0],
			"translation": [-0.75, 1, -0.25],
			"scale": [0.82, 0.82, 0.82]
		},
		"firstperson_righthand": {
			"rotation": [-39, -90, 0],
			"translation": [2.38, 1.45, 1.13],
			"scale": [0.48, 0.48, 0.48]
		},
		"firstperson_lefthand": {
			"rotation": [139.75, -90, 0],
			"translation": [2.38, 1.45, 1.13],
			"scale": [0.48, 0.48, 0.48]
		},
		"ground": {
			"rotation": [0, 0, 180],
			"translation": [0, 17.25, 0]
		},
		"gui": {
			"rotation": [0, 0, 136.25],
			"translation": [2.25, 2.25, 0],
			"scale": [0.75, 0.75, 0.75]
		},
		"head": {
			"translation": [0, 19, 0]
		},
		"fixed": {
			"rotation": [0, 180, -45],
			"translation": [3.5, -3.5, -1.25]
		}
	}
}