{
	"credit": "by Fostik_",
	"texture_size": [64, 64],
	"textures": {
		"0": "./Create_Katana"
	},
	"elements": [
		{
			"from": [7.25, 7, 7.9],
			"to": [8.75, 29, 8.1],
			"rotation": {"angle": 0, "axis": "y", "origin": [8, 1.5, 8]},
			"faces": {
				"north": {"uv": [0.75, 1.5, 0, 12.5], "texture": "#0"},
				"east": {"uv": [0.25, 1.5, 0, 12.5], "texture": "#0"},
				"south": {"uv": [0.75, 1.5, 0, 12.5], "texture": "#0"},
				"west": {"uv": [0.75, 1.5, 0.5, 12.5], "texture": "#0"},
				"up": {"uv": [0.75, 1.5, 0, 1.75], "texture": "#0"},
				"down": {"uv": [0.75, 1.5, 0, 12.5], "texture": "#0"}
			}
		},
		{
			"from": [7.25, 29, 7.9],
			"to": [8.25, 31, 8.1],
			"rotation": {"angle": 0, "axis": "y", "origin": [8, 1.5, 8]},
			"faces": {
				"north": {"uv": [0.75, 0.5, 0.25, 1.5], "texture": "#0"},
				"east": {"uv": [0.5, 0.5, 0.25, 1.5], "texture": "#0"},
				"south": {"uv": [0.75, 0.5, 0.25, 1.5], "texture": "#0"},
				"west": {"uv": [0.75, 0.5, 0.5, 1.5], "texture": "#0"},
				"up": {"uv": [0.75, 0.5, 0.25, 1.5], "texture": "#0"},
				"down": {"uv": [0.75, 2.5, 0, 13.5], "texture": "#0"}
			}
		},
		{
			"from": [7.25, 31, 7.9],
			"to": [7.75, 32, 8.1],
			"rotation": {"angle": 0, "axis": "y", "origin": [8, 1.5, 8]},
			"faces": {
				"north": {"uv": [0.75, 0, 0.5, 0.5], "texture": "#0"},
				"east": {"uv": [0.75, 0, 0.5, 0.5], "texture": "#0"},
				"south": {"uv": [0.75, 0, 0.5, 0.5], "texture": "#0"},
				"west": {"uv": [0.75, 0, 0.5, 0.5], "texture": "#0"},
				"up": {"uv": [0.75, 0, 0.5, 0.5], "texture": "#0"},
				"down": {"uv": [0.75, 0, 0.5, 0.5], "texture": "#0"}
			}
		},
		{
			"from": [7, -4, 7.5],
			"to": [9, 5, 8.5],
			"rotation": {"angle": 0, "axis": "y", "origin": [8, -3, 8]},
			"faces": {
				"north": {"uv": [5, 0.5, 4, 5], "texture": "#0"},
				"east": {"uv": [2.5, 0.5, 2, 5], "texture": "#0"},
				"south": {"uv": [3.5, 0.5, 2.5, 5], "texture": "#0"},
				"west": {"uv": [4, 0.5, 3.5, 5], "texture": "#0"},
				"up": {"uv": [3.5, 0, 2.5, 0.5], "texture": "#0"},
				"down": {"uv": [4.5, 0.5, 3.5, 0], "texture": "#0"}
			}
		},
		{
			"from": [6.25, 3.75, 9.05],
			"to": [9.25, 6.75, 9.05],
			"rotation": {"angle": 0, "axis": "y", "origin": [8, -3, 8]},
			"faces": {
				"north": {"uv": [9, 6.5, 7.5, 8], "texture": "#0"},
				"east": {"uv": [6, 6.5, 6, 8], "texture": "#0"},
				"south": {"uv": [7.5, 6.5, 6, 8], "texture": "#0"},
				"west": {"uv": [7.5, 6.5, 7.5, 8], "texture": "#0"},
				"up": {"uv": [7.5, 6.5, 6, 6.5], "texture": "#0"},
				"down": {"uv": [9, 6.5, 7.5, 6.5], "texture": "#0"}
			}
		},
		{
			"from": [6.5, 4, 7],
			"to": [9.5, 7, 9],
			"rotation": {"angle": 0, "axis": "y", "origin": [8, -3, 8]},
			"faces": {
				"north": {"uv": [9, 5, 7.5, 6.5], "texture": "#0"},
				"east": {"uv": [5, 5, 4, 6.5], "texture": "#0"},
				"south": {"uv": [6.5, 5, 5, 6.5], "texture": "#0"},
				"west": {"uv": [7.5, 5, 6.5, 6.5], "texture": "#0"},
				"up": {"uv": [6.5, 4, 5, 5], "texture": "#0"},
				"down": {"uv": [8, 5, 6.5, 4], "texture": "#0"}
			}
		},
		{
			"from": [6.75, -4.5, 7.25],
			"to": [9.25, -3, 8.75],
			"rotation": {"angle": 0, "axis": "y", "origin": [8, -3, 8]},
			"faces": {
				"north": {"uv": [6, 7.25, 4.75, 8], "texture": "#0"},
				"east": {"uv": [2.75, 7.25, 2, 8], "texture": "#0"},
				"south": {"uv": [4, 7.25, 2.75, 8], "texture": "#0"},
				"west": {"uv": [4.75, 7.25, 4, 8], "texture": "#0"},
				"up": {"uv": [4, 6.5, 2.75, 7.25], "texture": "#0"},
				"down": {"uv": [5.25, 7.25, 4, 6.5], "texture": "#0"}
			}
		},
		{
			"from": [6.75, 2.5, 7.25],
			"to": [9.25, 4, 8.75],
			"rotation": {"angle": 0, "axis": "y", "origin": [8, -3, 8]},
			"faces": {
				"north": {"uv": [6, 7.25, 4.75, 8], "texture": "#0"},
				"east": {"uv": [2.75, 7.25, 2, 8], "texture": "#0"},
				"south": {"uv": [4, 7.25, 2.75, 8], "texture": "#0"},
				"west": {"uv": [4.75, 7.25, 4, 8], "texture": "#0"},
				"up": {"uv": [4, 6.5, 2.75, 7.25], "texture": "#0"},
				"down": {"uv": [5.25, 7.25, 4, 6.5], "texture": "#0"}
			}
		},
		{
			"from": [7, 3.75, 8.75],
			"to": [9, 4.25, 9.25],
			"rotation": {"angle": 0, "axis": "y", "origin": [8, -3, 8]},
			"faces": {
				"north": {"uv": [6, 8.5, 5, 8.75], "texture": "#0"},
				"east": {"uv": [5.25, 8.5, 5, 8.75], "texture": "#0"},
				"south": {"uv": [6, 8.5, 5, 8.75], "texture": "#0"},
				"west": {"uv": [6, 8.5, 5.75, 8.75], "texture": "#0"},
				"up": {"uv": [5, 8.75, 6, 8.5], "texture": "#0"},
				"down": {"uv": [5, 8.75, 6, 8.5], "texture": "#0"}
			}
		},
		{
			"from": [7, 3.75, 6.75],
			"to": [9, 4.25, 7.25],
			"rotation": {"angle": 0, "axis": "y", "origin": [8, -3, 6]},
			"faces": {
				"north": {"uv": [6, 8.5, 5, 8.75], "texture": "#0"},
				"east": {"uv": [5.25, 8.5, 5, 8.75], "texture": "#0"},
				"south": {"uv": [6, 8.5, 5, 8.75], "texture": "#0"},
				"west": {"uv": [6, 8.5, 5.75, 8.75], "texture": "#0"},
				"up": {"uv": [5, 8.75, 6, 8.5], "texture": "#0"},
				"down": {"uv": [5, 8.75, 6, 8.5], "texture": "#0"}
			}
		},
		{
			"from": [7, 4.25, 9.25],
			"to": [9, 4.75, 9.25],
			"rotation": {"angle": 0, "axis": "y", "origin": [8, -3, 8]},
			"faces": {
				"north": {"uv": [6, 8.25, 5, 8.5], "texture": "#0"},
				"east": {"uv": [4.75, 8.25, 4.5, 8.5], "texture": "#0"},
				"south": {"uv": [6, 8.25, 5, 8.5], "texture": "#0"},
				"west": {"uv": [4.75, 8.25, 4.5, 8.5], "texture": "#0"},
				"up": {"uv": [4.5, 8.5, 4.75, 8.25], "texture": "#0"},
				"down": {"uv": [4.5, 8.5, 4.75, 8.25], "texture": "#0"}
			}
		}
	],
	"display": {
		"thirdperson_righthand": {
			"rotation": [0, 90, 0],
			"translation": [-0.75, 4.75, 0.25],
			"scale": [0.82, 0.82, 0.82]
		},
		"thirdperson_lefthand": {
			"rotation": [-178.75, -90, 0],
			"translation": [-0.75, -8.75, 0],
			"scale": [0.82, 0.82, 0.82]
		},
		"firstperson_righthand": {
			"rotation": [-10.25, 90, 0],
			"translation": [1.88, 3.2, 1.13],
			"scale": [0.48, 0.48, 0.48]
		},
		"firstperson_lefthand": {
			"rotation": [126, -90, 0],
			"translation": [2.38, 1.45, 1.13],
			"scale": [0.48, 0.48, 0.48]
		},
		"ground": {
			"rotation": [0, 0, 180],
			"translation": [0, 17.25, 0]
		},
		"gui": {
			"rotation": [0, 0, -47],
			"translation": [-2, -2, 0],
			"scale": [0.75, 0.75, 0.75]
		},
		"head": {
			"rotation": [-29, 39, -105],
			"translation": [-9.25, 10.5, 4]
		},
		"fixed": {
			"rotation": [-60, 81, 130],
			"translation": [3.5, -7, -20]
		}
	}
}