{
    "providers": [
        {
            "type": "bitmap",
            "file": "minecraft:font/logo.png",
            "ascent": 20,
            "height": 42,
            "chars": [
                "\u2155"
            ]
        },
        {
            "type": "bitmap",
            "file": "minecraft:font/cop.png",
            "ascent": 8,
            "height": 9,
            "chars": [
                "\u0108"
            ]
        },
        {
            "type": "bitmap",
            "file": "minecraft:font/admin.png",
            "ascent": 8,
            "height": 9,
            "chars": [
                "\u00C4"
            ]
        },
        {
            "type": "bitmap",
            "file": "minecraft:font/sudia.png",
            "ascent": 8,
            "height": 9,
            "chars": [
                "\u0204"
            ]
        },
        {
            "type": "bitmap",
            "file": "minecraft:font/subs.png",
            "ascent": 8,
            "height": 9,
            "chars": [
                "\u0178"
            ]
        },
        {
            "type": "bitmap",
            "file": "minecraft:font/kartel.png",
            "ascent": 8,
            "height": 9,
            "chars": [
                "\u0136"  // Ķ
            ]
        },
        {
            "type": "bitmap",
            "file": "minecraft:font/moderator.png",
            "ascent": 8,
            "height": 9,
            "chars": [
                "\u0271"  // ɱ
            ]
        }
    ]
}