{
	"credit": "Made with Blockbench",
	"texture_size": [64, 64],
	"textures": {
		"1": "./yamato_hand"
	},
	"elements": [
		{
			"from": [7.25, -16, 7],
			"to": [8.75, -14.5, 9],
			"rotation": {"angle": 0, "axis": "y", "origin": [8, -15, 8]},
			"faces": {
				"north": {"uv": [7, 4.5, 7.375, 4.875], "texture": "#1"},
				"east": {"uv": [6.25, 4.5, 6.75, 4.875], "texture": "#1"},
				"south": {"uv": [7, 5, 7.375, 5.375], "texture": "#1"},
				"west": {"uv": [6.25, 5, 6.75, 5.375], "texture": "#1"},
				"up": {"uv": [5.875, 6.75, 5.5, 6.25], "texture": "#1"},
				"down": {"uv": [0.375, 6.5, 0, 7], "texture": "#1"}
			}
		},
		{
			"from": [7.25, -6, 7],
			"to": [8.75, -5, 9],
			"rotation": {"angle": 0, "axis": "y", "origin": [8, -5.5, 8]},
			"faces": {
				"north": {"uv": [7.25, 2.75, 7.625, 3], "texture": "#1"},
				"east": {"uv": [7, 5.5, 7.5, 5.75], "texture": "#1"},
				"south": {"uv": [7.25, 3.5, 7.625, 3.75], "texture": "#1"},
				"west": {"uv": [7, 5.75, 7.5, 6], "texture": "#1"},
				"up": {"uv": [6.875, 0.5, 6.5, 0], "texture": "#1"},
				"down": {"uv": [6.875, 0.5, 6.5, 1], "texture": "#1"}
			}
		},
		{
			"from": [7.25, -5, 7],
			"to": [8.75, -4, 9],
			"rotation": {"angle": 0, "axis": "y", "origin": [8, 21.5, 8]},
			"faces": {
				"north": {"uv": [3.75, 7.25, 4.125, 7.5], "texture": "#1"},
				"east": {"uv": [7, 6, 7.5, 6.25], "texture": "#1"},
				"south": {"uv": [7.25, 3.75, 7.625, 4], "texture": "#1"},
				"west": {"uv": [7, 6.25, 7.5, 6.5], "texture": "#1"},
				"up": {"uv": [6.875, 1.5, 6.5, 1], "texture": "#1"},
				"down": {"uv": [6.875, 1.5, 6.5, 2], "texture": "#1"}
			}
		},
		{
			"from": [7.5, -15, 7.25],
			"to": [8.5, -6, 8.75],
			"rotation": {"angle": 0, "axis": "y", "origin": [8, -7, 8]},
			"faces": {
				"north": {"uv": [3, 4, 3.25, 6.25], "texture": "#1"},
				"east": {"uv": [3, 1.75, 3.375, 4], "texture": "#1"},
				"south": {"uv": [3.25, 4, 3.5, 6.25], "texture": "#1"},
				"west": {"uv": [2.25, 3.25, 2.625, 5.5], "texture": "#1"},
				"up": {"uv": [4.5, 7.625, 4.25, 7.25], "texture": "#1"},
				"down": {"uv": [6.5, 7.25, 6.25, 7.625], "texture": "#1"}
			}
		},
		{
			"from": [7.75, -4, 8],
			"to": [8.25, 6, 9],
			"rotation": {"angle": 0, "axis": "y", "origin": [8, 1, 8.25]},
			"faces": {
				"north": {"uv": [2, 4.75, 2.125, 7.25], "texture": "#1"},
				"east": {"uv": [2.75, 3.25, 3, 5.75], "texture": "#1"},
				"south": {"uv": [5, 3.75, 5.125, 6.25], "texture": "#1"},
				"west": {"uv": [3.5, 3, 3.75, 5.5], "texture": "#1"},
				"up": {"uv": [8.125, 0.75, 8, 0.5], "texture": "#1"},
				"down": {"uv": [8.125, 0.75, 8, 1], "texture": "#1"}
			}
		},
		{
			"from": [7.75, 6, 8.1],
			"to": [8.25, 14, 9.1],
			"rotation": {"angle": 0, "axis": "y", "origin": [8, 11, 8.35]},
			"faces": {
				"north": {"uv": [1, 5.5, 1.125, 7.5], "texture": "#1"},
				"east": {"uv": [4.25, 0, 4.5, 2], "texture": "#1"},
				"south": {"uv": [2.75, 5.75, 2.875, 7.75], "texture": "#1"},
				"west": {"uv": [0, 4.5, 0.25, 6.5], "texture": "#1"},
				"up": {"uv": [8.125, 2.25, 8, 2], "texture": "#1"},
				"down": {"uv": [8.125, 2.25, 8, 2.5], "texture": "#1"}
			}
		},
		{
			"from": [7.75, 20, 8.3],
			"to": [8.25, 23, 9.3],
			"rotation": {"angle": 0, "axis": "y", "origin": [8, 25, 8.55]},
			"faces": {
				"north": {"uv": [7.25, 6.5, 7.375, 7.25], "texture": "#1"},
				"east": {"uv": [4.75, 3.75, 5, 4.5], "texture": "#1"},
				"south": {"uv": [7.25, 7.25, 7.375, 8], "texture": "#1"},
				"west": {"uv": [5, 6.25, 5.25, 7], "texture": "#1"},
				"up": {"uv": [8.125, 3, 8, 2.75], "texture": "#1"},
				"down": {"uv": [8.125, 3, 8, 3.25], "texture": "#1"}
			}
		},
		{
			"from": [7.75, 23, 8.4],
			"to": [8.25, 25, 9.4],
			"rotation": {"angle": 0, "axis": "y", "origin": [8, 28, 8.65]},
			"faces": {
				"north": {"uv": [5.5, 7.5, 5.625, 8], "texture": "#1"},
				"east": {"uv": [5, 7, 5.25, 7.5], "texture": "#1"},
				"south": {"uv": [5.75, 7.5, 5.875, 8], "texture": "#1"},
				"west": {"uv": [7, 6.5, 7.25, 7], "texture": "#1"},
				"up": {"uv": [8.125, 3.5, 8, 3.25], "texture": "#1"},
				"down": {"uv": [8.125, 3.5, 8, 3.75], "texture": "#1"}
			}
		},
		{
			"from": [7.90048, 24.7926, 9.01316],
			"to": [8.13848, 27.00154, 9.41741],
			"rotation": {"angle": 22.5, "axis": "x", "origin": [8.01948, 27.22628, 8.81697]},
			"faces": {
				"north": {"uv": [7.75, 2, 7.875, 2.5], "texture": "#1"},
				"east": {"uv": [2.75, 7.75, 2.875, 8.25], "texture": "#1"},
				"south": {"uv": [7.75, 2.75, 7.875, 3.25], "texture": "#1"},
				"west": {"uv": [7.75, 3.25, 7.875, 3.75], "texture": "#1"},
				"up": {"uv": [8.875, 7.125, 8.75, 7], "texture": "#1"},
				"down": {"uv": [7.375, 8.75, 7.25, 8.875], "texture": "#1"}
			}
		},
		{
			"from": [7.90048, 25.0426, 9.41316],
			"to": [8.13848, 26.25154, 9.81741],
			"rotation": {"angle": 22.5, "axis": "x", "origin": [8.01948, 27.22628, 8.81697]},
			"faces": {
				"north": {"uv": [4.25, 8.5, 4.375, 8.75], "texture": "#1"},
				"east": {"uv": [8.5, 4.25, 8.625, 4.5], "texture": "#1"},
				"south": {"uv": [4.5, 8.5, 4.625, 8.75], "texture": "#1"},
				"west": {"uv": [8.5, 4.5, 8.625, 4.75], "texture": "#1"},
				"up": {"uv": [8.875, 7.375, 8.75, 7.25], "texture": "#1"},
				"down": {"uv": [7.625, 8.75, 7.5, 8.875], "texture": "#1"}
			}
		},
		{
			"from": [7.90048, 24.7926, 8.76066],
			"to": [8.13848, 28.2906, 9.01116],
			"rotation": {"angle": 22.5, "axis": "x", "origin": [8.01948, 27.22628, 8.81697]},
			"faces": {
				"north": {"uv": [2.5, 7.25, 2.625, 8.125], "texture": "#1"},
				"east": {"uv": [3, 7.25, 3.125, 8.125], "texture": "#1"},
				"south": {"uv": [3.25, 7.25, 3.375, 8.125], "texture": "#1"},
				"west": {"uv": [3.5, 7.25, 3.625, 8.125], "texture": "#1"},
				"up": {"uv": [8.875, 6.875, 8.75, 6.75], "texture": "#1"},
				"down": {"uv": [7.125, 8.75, 7, 8.875], "texture": "#1"}
			}
		},
		{
			"from": [7.89948, 24.92274, 8.90249],
			"to": [8.13948, 27.54774, 9.15249],
			"rotation": {"angle": 0, "axis": "y", "origin": [8.01948, 27.22628, 8.81697]},
			"faces": {
				"north": {"uv": [7.5, 4.5, 7.625, 5.125], "texture": "#1"},
				"east": {"uv": [4.75, 7.5, 4.875, 8.125], "texture": "#1"},
				"south": {"uv": [5, 7.5, 5.125, 8.125], "texture": "#1"},
				"west": {"uv": [7.5, 5.25, 7.625, 5.875], "texture": "#1"},
				"up": {"uv": [8.875, 6.625, 8.75, 6.5], "texture": "#1"},
				"down": {"uv": [6.875, 8.75, 6.75, 8.875], "texture": "#1"}
			}
		},
		{
			"from": [7.89948, 24.92274, 9.15249],
			"to": [8.13948, 28.13368, 9.40499],
			"rotation": {"angle": 0, "axis": "y", "origin": [8.01948, 27.22628, 8.81697]},
			"faces": {
				"north": {"uv": [2, 7.5, 2.125, 8.25], "texture": "#1"},
				"east": {"uv": [3.75, 7.5, 3.875, 8.25], "texture": "#1"},
				"south": {"uv": [4, 7.5, 4.125, 8.25], "texture": "#1"},
				"west": {"uv": [4.5, 7.5, 4.625, 8.25], "texture": "#1"},
				"up": {"uv": [8.875, 6.375, 8.75, 6.25], "texture": "#1"},
				"down": {"uv": [6.625, 8.75, 6.5, 8.875], "texture": "#1"}
			}
		},
		{
			"from": [7.96198, 28.12656, 8.36623],
			"to": [8.07698, 28.18124, 8.52498],
			"rotation": {"angle": 45, "axis": "x", "origin": [8.01948, 27.22628, 8.81697]},
			"faces": {
				"north": {"uv": [8.75, 5.5, 8.875, 5.625], "texture": "#1"},
				"east": {"uv": [5.75, 8.75, 5.875, 8.875], "texture": "#1"},
				"south": {"uv": [8.75, 5.75, 8.875, 5.875], "texture": "#1"},
				"west": {"uv": [6, 8.75, 6.125, 8.875], "texture": "#1"},
				"up": {"uv": [8.875, 6.125, 8.75, 6], "texture": "#1"},
				"down": {"uv": [6.375, 8.75, 6.25, 8.875], "texture": "#1"}
			}
		},
		{
			"from": [7.96198, 27.25937, 8.36623],
			"to": [8.07698, 28.12656, 8.74373],
			"rotation": {"angle": 45, "axis": "x", "origin": [8.01948, 27.22628, 8.81697]},
			"faces": {
				"north": {"uv": [3.75, 8.5, 3.875, 8.75], "texture": "#1"},
				"east": {"uv": [8.5, 3.75, 8.625, 4], "texture": "#1"},
				"south": {"uv": [4, 8.5, 4.125, 8.75], "texture": "#1"},
				"west": {"uv": [8.5, 4, 8.625, 4.25], "texture": "#1"},
				"up": {"uv": [8.875, 5.375, 8.75, 5.25], "texture": "#1"},
				"down": {"uv": [5.625, 8.75, 5.5, 8.875], "texture": "#1"}
			}
		},
		{
			"from": [7.96198, 24.64809, 8.4132],
			"to": [8.07698, 27.42934, 8.7907],
			"rotation": {"angle": 22.5, "axis": "x", "origin": [8.01948, 27.22628, 8.81697]},
			"faces": {
				"north": {"uv": [1.25, 7.5, 1.375, 8.25], "texture": "#1"},
				"east": {"uv": [1.5, 7.5, 1.625, 8.25], "texture": "#1"},
				"south": {"uv": [1.75, 7.5, 1.875, 8.25], "texture": "#1"},
				"west": {"uv": [7.5, 1.75, 7.625, 2.5], "texture": "#1"},
				"up": {"uv": [8.875, 5.125, 8.75, 5], "texture": "#1"},
				"down": {"uv": [5.375, 8.75, 5.25, 8.875], "texture": "#1"}
			}
		},
		{
			"from": [7.75, 14, 8.2],
			"to": [8.25, 20, 9.2],
			"rotation": {"angle": 0, "axis": "y", "origin": [8, 18, 8.45]},
			"faces": {
				"north": {"uv": [6.5, 2, 6.625, 3.5], "texture": "#1"},
				"east": {"uv": [4.75, 0.75, 5, 2.25], "texture": "#1"},
				"south": {"uv": [6, 6.5, 6.125, 8], "texture": "#1"},
				"west": {"uv": [1.25, 4.75, 1.5, 6.25], "texture": "#1"},
				"up": {"uv": [8.125, 4.5, 8, 4.25], "texture": "#1"},
				"down": {"uv": [8.125, 4.5, 8, 4.75], "texture": "#1"}
			}
		},
		{
			"from": [7.9, 6, 7.1],
			"to": [8.1, 14, 8.1],
			"rotation": {"angle": 0, "axis": "y", "origin": [8, 11, 7.35]},
			"faces": {
				"north": {"uv": [5.25, 5.75, 5.375, 7.75], "texture": "#1"},
				"east": {"uv": [4.5, 0, 4.75, 2], "texture": "#1"},
				"south": {"uv": [0.5, 6.25, 0.625, 8.25], "texture": "#1"},
				"west": {"uv": [0.25, 4.5, 0.5, 6.5], "texture": "#1"},
				"up": {"uv": [8.125, 5.5, 8, 5.25], "texture": "#1"},
				"down": {"uv": [5.625, 8, 5.5, 8.25], "texture": "#1"}
			}
		},
		{
			"from": [7.9, 20, 7.3],
			"to": [8.1, 23, 8.3],
			"rotation": {"angle": 0, "axis": "y", "origin": [8, 25, 7.55]},
			"faces": {
				"north": {"uv": [7.5, 0.5, 7.625, 1.25], "texture": "#1"},
				"east": {"uv": [6.5, 3.5, 6.75, 4.25], "texture": "#1"},
				"south": {"uv": [1, 7.5, 1.125, 8.25], "texture": "#1"},
				"west": {"uv": [6.25, 6.5, 6.5, 7.25], "texture": "#1"},
				"up": {"uv": [8.125, 5.75, 8, 5.5], "texture": "#1"},
				"down": {"uv": [5.875, 8, 5.75, 8.25], "texture": "#1"}
			}
		},
		{
			"from": [7.9, 14, 7.2],
			"to": [8.1, 20, 8.2],
			"rotation": {"angle": 0, "axis": "y", "origin": [8, 18, 7.45]},
			"faces": {
				"north": {"uv": [6.5, 6.5, 6.625, 8], "texture": "#1"},
				"east": {"uv": [1.5, 4.75, 1.75, 6.25], "texture": "#1"},
				"south": {"uv": [6.75, 2, 6.875, 3.5], "texture": "#1"},
				"west": {"uv": [1.75, 4.75, 2, 6.25], "texture": "#1"},
				"up": {"uv": [6.125, 8.25, 6, 8], "texture": "#1"},
				"down": {"uv": [8.125, 6.25, 8, 6.5], "texture": "#1"}
			}
		},
		{
			"from": [7.9, 23, 7.4],
			"to": [8.1, 25, 8.4],
			"rotation": {"angle": 0, "axis": "y", "origin": [8, 28, 7.65]},
			"faces": {
				"north": {"uv": [7.5, 6, 7.625, 6.5], "texture": "#1"},
				"east": {"uv": [6.75, 7, 7, 7.5], "texture": "#1"},
				"south": {"uv": [7.5, 6.5, 7.625, 7], "texture": "#1"},
				"west": {"uv": [7, 7, 7.25, 7.5], "texture": "#1"},
				"up": {"uv": [6.625, 8.25, 6.5, 8], "texture": "#1"},
				"down": {"uv": [8.125, 6.5, 8, 6.75], "texture": "#1"}
			}
		},
		{
			"from": [7.9, -4, 7],
			"to": [8.1, 6, 8],
			"rotation": {"angle": 0, "axis": "y", "origin": [8, 1, 7.25]},
			"faces": {
				"north": {"uv": [5.25, 0.75, 5.375, 3.25], "texture": "#1"},
				"east": {"uv": [3.75, 3, 4, 5.5], "texture": "#1"},
				"south": {"uv": [5.25, 3.25, 5.375, 5.75], "texture": "#1"},
				"west": {"uv": [4, 0, 4.25, 2.5], "texture": "#1"},
				"up": {"uv": [6.875, 8.25, 6.75, 8], "texture": "#1"},
				"down": {"uv": [7.125, 8, 7, 8.25], "texture": "#1"}
			}
		},
		{
			"from": [5.81, -5.24, 6.26],
			"to": [6.29, -4.76, 9.74],
			"rotation": {"angle": 0, "axis": "y", "origin": [6.15, -5, 6.25]},
			"faces": {
				"north": {"uv": [4.75, 8.5, 4.875, 8.625], "texture": "#1"},
				"east": {"uv": [7.25, 0, 8.125, 0.125], "texture": "#1"},
				"south": {"uv": [8.5, 4.75, 8.625, 4.875], "texture": "#1"},
				"west": {"uv": [7.25, 0.25, 8.125, 0.375], "texture": "#1"},
				"up": {"uv": [7.375, 1.375, 7.25, 0.5], "texture": "#1"},
				"down": {"uv": [0.875, 7.25, 0.75, 8.125], "texture": "#1"}
			}
		},
		{
			"from": [6, -5, 5.4],
			"to": [10, -5, 10.6],
			"rotation": {"angle": 0, "axis": "y", "origin": [6.15, -5, 6.25]},
			"faces": {
				"up": {"uv": [1, 1.25, 0, 0], "texture": "#1"},
				"down": {"uv": [2, 0, 1, 1.25], "texture": "#1"}
			}
		},
		{
			"from": [5.78033, -5.25, 9.67678],
			"to": [6.78033, -4.75, 10.17678],
			"rotation": {"angle": -22.5, "axis": "y", "origin": [6.68033, -5, 9.92678]},
			"faces": {
				"north": {"uv": [8, 7, 8.25, 7.125], "texture": "#1"},
				"east": {"uv": [5, 8.5, 5.125, 8.625], "texture": "#1"},
				"south": {"uv": [7.25, 8, 7.5, 8.125], "texture": "#1"},
				"west": {"uv": [8.5, 5, 8.625, 5.125], "texture": "#1"},
				"up": {"uv": [8.25, 7.375, 8, 7.25], "texture": "#1"},
				"down": {"uv": [8, 8, 7.75, 8.125], "texture": "#1"}
			}
		},
		{
			"from": [7.2076, -5.25, 9.28446],
			"to": [7.7076, -4.75, 10.03446],
			"rotation": {"angle": -22.5, "axis": "y", "origin": [7.22663, -5, 10.38013]},
			"faces": {
				"north": {"uv": [5.25, 8.5, 5.375, 8.625], "texture": "#1"},
				"east": {"uv": [8, 8, 8.25, 8.125], "texture": "#1"},
				"south": {"uv": [8.5, 5.25, 8.625, 5.375], "texture": "#1"},
				"west": {"uv": [8.25, 0, 8.5, 0.125], "texture": "#1"},
				"up": {"uv": [8.375, 0.5, 8.25, 0.25], "texture": "#1"},
				"down": {"uv": [0.625, 8.25, 0.5, 8.5], "texture": "#1"}
			}
		},
		{
			"from": [7.3086, -5.249, 10.03546],
			"to": [7.8066, -4.751, 11.03346],
			"rotation": {"angle": 0, "axis": "y", "origin": [7.22663, -5, 10.38013]},
			"faces": {
				"north": {"uv": [5.5, 8.5, 5.625, 8.625], "texture": "#1"},
				"east": {"uv": [8.25, 0.5, 8.5, 0.625], "texture": "#1"},
				"south": {"uv": [8.5, 5.5, 8.625, 5.625], "texture": "#1"},
				"west": {"uv": [0.75, 8.25, 1, 8.375], "texture": "#1"},
				"up": {"uv": [8.375, 1, 8.25, 0.75], "texture": "#1"},
				"down": {"uv": [1.125, 8.25, 1, 8.5], "texture": "#1"}
			}
		},
		{
			"from": [6.15, -5.25, 10.25],
			"to": [6.65, -4.75, 11.5],
			"rotation": {"angle": 45, "axis": "y", "origin": [6.15, -5, 9.75]},
			"faces": {
				"north": {"uv": [5.75, 8.5, 5.875, 8.625], "texture": "#1"},
				"east": {"uv": [7.75, 3.75, 8.125, 3.875], "texture": "#1"},
				"south": {"uv": [8.5, 5.75, 8.625, 5.875], "texture": "#1"},
				"west": {"uv": [7.75, 4, 8.125, 4.125], "texture": "#1"},
				"up": {"uv": [4.375, 8.125, 4.25, 7.75], "texture": "#1"},
				"down": {"uv": [7.875, 4.25, 7.75, 4.625], "texture": "#1"}
			}
		},
		{
			"from": [7.77, -5.28, 9.08756],
			"to": [8.33, -4.72, 9.64756],
			"rotation": {"angle": -45, "axis": "y", "origin": [8, -5, 9.31756]},
			"faces": {
				"north": {"uv": [6, 8.5, 6.125, 8.625], "texture": "#1"},
				"east": {"uv": [8.5, 6, 8.625, 6.125], "texture": "#1"},
				"south": {"uv": [6.25, 8.5, 6.375, 8.625], "texture": "#1"},
				"west": {"uv": [8.5, 6.25, 8.625, 6.375], "texture": "#1"},
				"up": {"uv": [6.625, 8.625, 6.5, 8.5], "texture": "#1"},
				"down": {"uv": [8.625, 6.5, 8.5, 6.625], "texture": "#1"}
			}
		},
		{
			"from": [7.77, -5.28, 6.35244],
			"to": [8.33, -4.72, 6.91244],
			"rotation": {"angle": 45, "axis": "y", "origin": [8, -5, 6.68244]},
			"faces": {
				"north": {"uv": [6.75, 8.5, 6.875, 8.625], "texture": "#1"},
				"east": {"uv": [8.5, 6.75, 8.625, 6.875], "texture": "#1"},
				"south": {"uv": [7, 8.5, 7.125, 8.625], "texture": "#1"},
				"west": {"uv": [8.5, 7, 8.625, 7.125], "texture": "#1"},
				"up": {"uv": [7.375, 8.625, 7.25, 8.5], "texture": "#1"},
				"down": {"uv": [8.625, 7.25, 8.5, 7.375], "texture": "#1"}
			}
		},
		{
			"from": [7.2076, -5.25, 5.96554],
			"to": [7.7076, -4.75, 6.71554],
			"rotation": {"angle": 22.5, "axis": "y", "origin": [7.22663, -5, 5.61987]},
			"faces": {
				"north": {"uv": [7.5, 8.5, 7.625, 8.625], "texture": "#1"},
				"east": {"uv": [8.25, 1, 8.5, 1.125], "texture": "#1"},
				"south": {"uv": [8.5, 7.5, 8.625, 7.625], "texture": "#1"},
				"west": {"uv": [1.25, 8.25, 1.5, 8.375], "texture": "#1"},
				"up": {"uv": [8.375, 1.5, 8.25, 1.25], "texture": "#1"},
				"down": {"uv": [1.625, 8.25, 1.5, 8.5], "texture": "#1"}
			}
		},
		{
			"from": [7.3086, -5.249, 4.96654],
			"to": [7.8066, -4.751, 5.96454],
			"rotation": {"angle": 0, "axis": "y", "origin": [7.22663, -5, 5.61987]},
			"faces": {
				"north": {"uv": [7.75, 8.5, 7.875, 8.625], "texture": "#1"},
				"east": {"uv": [8.25, 1.5, 8.5, 1.625], "texture": "#1"},
				"south": {"uv": [8.5, 7.75, 8.625, 7.875], "texture": "#1"},
				"west": {"uv": [1.75, 8.25, 2, 8.375], "texture": "#1"},
				"up": {"uv": [8.375, 2, 8.25, 1.75], "texture": "#1"},
				"down": {"uv": [2.125, 8.25, 2, 8.5], "texture": "#1"}
			}
		},
		{
			"from": [5.78033, -5.25, 5.82322],
			"to": [6.78033, -4.75, 6.32322],
			"rotation": {"angle": 22.5, "axis": "y", "origin": [6.68033, -5, 6.07322]},
			"faces": {
				"north": {"uv": [8.25, 2, 8.5, 2.125], "texture": "#1"},
				"east": {"uv": [8, 8.5, 8.125, 8.625], "texture": "#1"},
				"south": {"uv": [2.25, 8.25, 2.5, 8.375], "texture": "#1"},
				"west": {"uv": [8.5, 8, 8.625, 8.125], "texture": "#1"},
				"up": {"uv": [8.5, 2.375, 8.25, 2.25], "texture": "#1"},
				"down": {"uv": [2.75, 8.25, 2.5, 8.375], "texture": "#1"}
			}
		},
		{
			"from": [6.15, -5.25, 4.5],
			"to": [6.65, -4.75, 5.75],
			"rotation": {"angle": -45, "axis": "y", "origin": [6.15, -5, 6.25]},
			"faces": {
				"north": {"uv": [8.25, 8.5, 8.375, 8.625], "texture": "#1"},
				"east": {"uv": [7.75, 4.75, 8.125, 4.875], "texture": "#1"},
				"south": {"uv": [8.5, 8.25, 8.625, 8.375], "texture": "#1"},
				"west": {"uv": [7.75, 5, 8.125, 5.125], "texture": "#1"},
				"up": {"uv": [5.375, 8.125, 5.25, 7.75], "texture": "#1"},
				"down": {"uv": [7.875, 5.25, 7.75, 5.625], "texture": "#1"}
			}
		},
		{
			"from": [8.2924, -5.25, 5.96554],
			"to": [8.7924, -4.75, 6.71554],
			"rotation": {"angle": -22.5, "axis": "y", "origin": [8.77337, -5, 5.61987]},
			"faces": {
				"north": {"uv": [8.5, 8.5, 8.625, 8.625], "texture": "#1"},
				"east": {"uv": [8.25, 2.5, 8.5, 2.625], "texture": "#1"},
				"south": {"uv": [0, 8.75, 0.125, 8.875], "texture": "#1"},
				"west": {"uv": [2.75, 8.25, 3, 8.375], "texture": "#1"},
				"up": {"uv": [8.375, 3, 8.25, 2.75], "texture": "#1"},
				"down": {"uv": [3.125, 8.25, 3, 8.5], "texture": "#1"}
			}
		},
		{
			"from": [8.1934, -5.249, 4.96654],
			"to": [8.6914, -4.751, 5.96454],
			"rotation": {"angle": 0, "axis": "y", "origin": [8.77337, -5, 5.61987]},
			"faces": {
				"north": {"uv": [8.75, 0, 8.875, 0.125], "texture": "#1"},
				"east": {"uv": [8.25, 3, 8.5, 3.125], "texture": "#1"},
				"south": {"uv": [0.25, 8.75, 0.375, 8.875], "texture": "#1"},
				"west": {"uv": [3.25, 8.25, 3.5, 8.375], "texture": "#1"},
				"up": {"uv": [8.375, 3.5, 8.25, 3.25], "texture": "#1"},
				"down": {"uv": [3.625, 8.25, 3.5, 8.5], "texture": "#1"}
			}
		},
		{
			"from": [9.21967, -5.25, 5.82322],
			"to": [10.21967, -4.75, 6.32322],
			"rotation": {"angle": -22.5, "axis": "y", "origin": [9.31967, -5, 6.07322]},
			"faces": {
				"north": {"uv": [8.25, 3.5, 8.5, 3.625], "texture": "#1"},
				"east": {"uv": [8.75, 0.25, 8.875, 0.375], "texture": "#1"},
				"south": {"uv": [3.75, 8.25, 4, 8.375], "texture": "#1"},
				"west": {"uv": [0.5, 8.75, 0.625, 8.875], "texture": "#1"},
				"up": {"uv": [8.5, 3.875, 8.25, 3.75], "texture": "#1"},
				"down": {"uv": [4.25, 8.25, 4, 8.375], "texture": "#1"}
			}
		},
		{
			"from": [9.35, -5.25, 4.5],
			"to": [9.85, -4.75, 5.75],
			"rotation": {"angle": 45, "axis": "y", "origin": [9.85, -5, 6.25]},
			"faces": {
				"north": {"uv": [8.75, 0.5, 8.875, 0.625], "texture": "#1"},
				"east": {"uv": [7.75, 5.75, 8.125, 5.875], "texture": "#1"},
				"south": {"uv": [0.75, 8.75, 0.875, 8.875], "texture": "#1"},
				"west": {"uv": [7.75, 6, 8.125, 6.125], "texture": "#1"},
				"up": {"uv": [6.375, 8.125, 6.25, 7.75], "texture": "#1"},
				"down": {"uv": [7.875, 6.25, 7.75, 6.625], "texture": "#1"}
			}
		},
		{
			"from": [9.71, -5.24, 6.26],
			"to": [10.19, -4.76, 9.74],
			"rotation": {"angle": 0, "axis": "y", "origin": [9.85, -5, 6.25]},
			"faces": {
				"north": {"uv": [8.75, 0.75, 8.875, 0.875], "texture": "#1"},
				"east": {"uv": [1.25, 7.25, 2.125, 7.375], "texture": "#1"},
				"south": {"uv": [1, 8.75, 1.125, 8.875], "texture": "#1"},
				"west": {"uv": [7.25, 1.5, 8.125, 1.625], "texture": "#1"},
				"up": {"uv": [7.375, 2.625, 7.25, 1.75], "texture": "#1"},
				"down": {"uv": [2.375, 7.25, 2.25, 8.125], "texture": "#1"}
			}
		},
		{
			"from": [8.2924, -5.25, 9.28446],
			"to": [8.7924, -4.75, 10.03446],
			"rotation": {"angle": 22.5, "axis": "y", "origin": [8.77337, -5, 10.38013]},
			"faces": {
				"north": {"uv": [8.75, 1, 8.875, 1.125], "texture": "#1"},
				"east": {"uv": [8.25, 4, 8.5, 4.125], "texture": "#1"},
				"south": {"uv": [1.25, 8.75, 1.375, 8.875], "texture": "#1"},
				"west": {"uv": [4.25, 8.25, 4.5, 8.375], "texture": "#1"},
				"up": {"uv": [8.375, 4.5, 8.25, 4.25], "texture": "#1"},
				"down": {"uv": [4.625, 8.25, 4.5, 8.5], "texture": "#1"}
			}
		},
		{
			"from": [8.1934, -5.249, 10.03546],
			"to": [8.6914, -4.751, 11.03346],
			"rotation": {"angle": 0, "axis": "y", "origin": [8.77337, -5, 10.38013]},
			"faces": {
				"north": {"uv": [8.75, 1.25, 8.875, 1.375], "texture": "#1"},
				"east": {"uv": [8.25, 4.5, 8.5, 4.625], "texture": "#1"},
				"south": {"uv": [1.5, 8.75, 1.625, 8.875], "texture": "#1"},
				"west": {"uv": [4.75, 8.25, 5, 8.375], "texture": "#1"},
				"up": {"uv": [8.375, 5, 8.25, 4.75], "texture": "#1"},
				"down": {"uv": [5.125, 8.25, 5, 8.5], "texture": "#1"}
			}
		},
		{
			"from": [9.35, -5.25, 10.25],
			"to": [9.85, -4.75, 11.5],
			"rotation": {"angle": -45, "axis": "y", "origin": [9.85, -5, 9.75]},
			"faces": {
				"north": {"uv": [8.75, 1.5, 8.875, 1.625], "texture": "#1"},
				"east": {"uv": [6.75, 7.75, 7.125, 7.875], "texture": "#1"},
				"south": {"uv": [1.75, 8.75, 1.875, 8.875], "texture": "#1"},
				"west": {"uv": [7.75, 6.75, 8.125, 6.875], "texture": "#1"},
				"up": {"uv": [7.875, 7.375, 7.75, 7], "texture": "#1"},
				"down": {"uv": [7.625, 7.75, 7.5, 8.125], "texture": "#1"}
			}
		},
		{
			"from": [9.21967, -5.25, 9.67678],
			"to": [10.21967, -4.75, 10.17678],
			"rotation": {"angle": 22.5, "axis": "y", "origin": [9.31967, -5, 9.92678]},
			"faces": {
				"north": {"uv": [8.25, 5, 8.5, 5.125], "texture": "#1"},
				"east": {"uv": [8.75, 1.75, 8.875, 1.875], "texture": "#1"},
				"south": {"uv": [5.25, 8.25, 5.5, 8.375], "texture": "#1"},
				"west": {"uv": [2, 8.75, 2.125, 8.875], "texture": "#1"},
				"up": {"uv": [8.5, 5.375, 8.25, 5.25], "texture": "#1"},
				"down": {"uv": [5.75, 8.25, 5.5, 8.375], "texture": "#1"}
			}
		},
		{
			"from": [7.4, -6.75, 6.55],
			"to": [8.6, -6.05, 7.25],
			"rotation": {"angle": 45, "axis": "x", "origin": [8, -7.5, 8]},
			"faces": {
				"north": {"uv": [8.25, 5.5, 8.5, 5.625], "texture": "#1"},
				"east": {"uv": [8.75, 2, 8.875, 2.125], "texture": "#1"},
				"south": {"uv": [5.75, 8.25, 6, 8.375], "texture": "#1"},
				"west": {"uv": [2.25, 8.75, 2.375, 8.875], "texture": "#1"},
				"up": {"uv": [8.5, 5.875, 8.25, 5.75], "texture": "#1"},
				"down": {"uv": [6.25, 8.25, 6, 8.375], "texture": "#1"}
			}
		},
		{
			"from": [7.4, -7.45, 7.25],
			"to": [8.6, -6.75, 7.95],
			"rotation": {"angle": 45, "axis": "x", "origin": [8, -7.5, 8]},
			"faces": {
				"north": {"uv": [8.25, 6, 8.5, 6.125], "texture": "#1"},
				"east": {"uv": [8.75, 2.25, 8.875, 2.375], "texture": "#1"},
				"south": {"uv": [6.25, 8.25, 6.5, 8.375], "texture": "#1"},
				"west": {"uv": [2.5, 8.75, 2.625, 8.875], "texture": "#1"},
				"up": {"uv": [8.5, 6.375, 8.25, 6.25], "texture": "#1"},
				"down": {"uv": [6.75, 8.25, 6.5, 8.375], "texture": "#1"}
			}
		},
		{
			"from": [7.4, -8.15, 7.95],
			"to": [8.6, -7.45, 8.65],
			"rotation": {"angle": 45, "axis": "x", "origin": [8, -7.5, 8]},
			"faces": {
				"north": {"uv": [8.25, 6.5, 8.5, 6.625], "texture": "#1"},
				"east": {"uv": [8.75, 2.5, 8.875, 2.625], "texture": "#1"},
				"south": {"uv": [6.75, 8.25, 7, 8.375], "texture": "#1"},
				"west": {"uv": [2.75, 8.75, 2.875, 8.875], "texture": "#1"},
				"up": {"uv": [8.5, 6.875, 8.25, 6.75], "texture": "#1"},
				"down": {"uv": [7.25, 8.25, 7, 8.375], "texture": "#1"}
			}
		},
		{
			"from": [7.4, -9.55, 9.35],
			"to": [8.6, -8.85, 10.05],
			"rotation": {"angle": 45, "axis": "x", "origin": [8, -7.5, 8]},
			"faces": {
				"north": {"uv": [8.25, 7, 8.5, 7.125], "texture": "#1"},
				"east": {"uv": [8.75, 2.75, 8.875, 2.875], "texture": "#1"},
				"south": {"uv": [7.25, 8.25, 7.5, 8.375], "texture": "#1"},
				"west": {"uv": [3, 8.75, 3.125, 8.875], "texture": "#1"},
				"up": {"uv": [8.5, 7.375, 8.25, 7.25], "texture": "#1"},
				"down": {"uv": [7.75, 8.25, 7.5, 8.375], "texture": "#1"}
			}
		},
		{
			"from": [7.4, -8.85, 8.65],
			"to": [8.6, -8.15, 9.35],
			"rotation": {"angle": 45, "axis": "x", "origin": [8, -7.5, 8]},
			"faces": {
				"north": {"uv": [8.25, 7.5, 8.5, 7.625], "texture": "#1"},
				"east": {"uv": [8.75, 3, 8.875, 3.125], "texture": "#1"},
				"south": {"uv": [7.75, 8.25, 8, 8.375], "texture": "#1"},
				"west": {"uv": [3.25, 8.75, 3.375, 8.875], "texture": "#1"},
				"up": {"uv": [8.5, 7.875, 8.25, 7.75], "texture": "#1"},
				"down": {"uv": [8.25, 8.25, 8, 8.375], "texture": "#1"}
			}
		},
		{
			"from": [7.4, -11.05, 10.85],
			"to": [8.6, -10.35, 11.55],
			"rotation": {"angle": 45, "axis": "x", "origin": [8, -7.5, 8]},
			"faces": {
				"north": {"uv": [8.25, 8, 8.5, 8.125], "texture": "#1"},
				"east": {"uv": [8.75, 3.25, 8.875, 3.375], "texture": "#1"},
				"south": {"uv": [8.25, 8.25, 8.5, 8.375], "texture": "#1"},
				"west": {"uv": [3.5, 8.75, 3.625, 8.875], "texture": "#1"},
				"up": {"uv": [0.25, 8.625, 0, 8.5], "texture": "#1"},
				"down": {"uv": [8.75, 0, 8.5, 0.125], "texture": "#1"}
			}
		},
		{
			"from": [7.4, -12.8, 11.6],
			"to": [8.6, -12.1, 12.3],
			"rotation": {"angle": 45, "axis": "x", "origin": [8, -8.5, 8]},
			"faces": {
				"north": {"uv": [0.25, 8.5, 0.5, 8.625], "texture": "#1"},
				"east": {"uv": [8.75, 3.5, 8.875, 3.625], "texture": "#1"},
				"south": {"uv": [8.5, 0.25, 8.75, 0.375], "texture": "#1"},
				"west": {"uv": [3.75, 8.75, 3.875, 8.875], "texture": "#1"},
				"up": {"uv": [0.75, 8.625, 0.5, 8.5], "texture": "#1"},
				"down": {"uv": [8.75, 0.5, 8.5, 0.625], "texture": "#1"}
			}
		},
		{
			"from": [7.4, -12.05, 10.85],
			"to": [8.6, -11.35, 11.55],
			"rotation": {"angle": 45, "axis": "x", "origin": [8, -8.5, 8]},
			"faces": {
				"north": {"uv": [0.75, 8.5, 1, 8.625], "texture": "#1"},
				"east": {"uv": [8.75, 3.75, 8.875, 3.875], "texture": "#1"},
				"south": {"uv": [8.5, 0.75, 8.75, 0.875], "texture": "#1"},
				"west": {"uv": [4, 8.75, 4.125, 8.875], "texture": "#1"},
				"up": {"uv": [1.25, 8.625, 1, 8.5], "texture": "#1"},
				"down": {"uv": [8.75, 1, 8.5, 1.125], "texture": "#1"}
			}
		},
		{
			"from": [7.401, -15.24372, 8.251],
			"to": [8.599, -14.54572, 9.199],
			"rotation": {"angle": 22.5, "axis": "x", "origin": [8, -13.89472, 8]},
			"faces": {
				"north": {"uv": [1.25, 8.5, 1.5, 8.625], "texture": "#1"},
				"east": {"uv": [8.5, 1.25, 8.75, 1.375], "texture": "#1"},
				"south": {"uv": [1.5, 8.5, 1.75, 8.625], "texture": "#1"},
				"west": {"uv": [8.5, 1.5, 8.75, 1.625], "texture": "#1"},
				"up": {"uv": [0.75, 4.75, 0.5, 4.5], "texture": "#1"},
				"down": {"uv": [5.25, 2, 5, 2.25], "texture": "#1"}
			}
		},
		{
			"from": [7.4, -15.24472, 6.75],
			"to": [8.6, -14.54472, 7.7],
			"rotation": {"angle": -22.5, "axis": "x", "origin": [8, -13.89472, 8]},
			"faces": {
				"north": {"uv": [1.75, 8.5, 2, 8.625], "texture": "#1"},
				"east": {"uv": [8.5, 1.75, 8.75, 1.875], "texture": "#1"},
				"south": {"uv": [2, 8.5, 2.25, 8.625], "texture": "#1"},
				"west": {"uv": [8.5, 2, 8.75, 2.125], "texture": "#1"},
				"up": {"uv": [6.75, 4.5, 6.5, 4.25], "texture": "#1"},
				"down": {"uv": [7, 7.5, 6.75, 7.75], "texture": "#1"}
			}
		},
		{
			"from": [7.4, -10.3, 10.1],
			"to": [8.6, -9.6, 10.8],
			"rotation": {"angle": 45, "axis": "x", "origin": [8, -7.5, 8]},
			"faces": {
				"north": {"uv": [2.25, 8.5, 2.5, 8.625], "texture": "#1"},
				"east": {"uv": [8.75, 4, 8.875, 4.125], "texture": "#1"},
				"south": {"uv": [8.5, 2.25, 8.75, 2.375], "texture": "#1"},
				"west": {"uv": [4.25, 8.75, 4.375, 8.875], "texture": "#1"},
				"up": {"uv": [2.75, 8.625, 2.5, 8.5], "texture": "#1"},
				"down": {"uv": [8.75, 2.5, 8.5, 2.625], "texture": "#1"}
			}
		}
	],
	"display": {
		"thirdperson_righthand": {
			"rotation": [-5, 0, -3],
			"translation": [1, 11.5, -1],
			"scale": [0.8, 0.8, 0.8]
		},
		"thirdperson_lefthand": {
			"rotation": [-175, 0, 0],
			"translation": [0, -5.5, 0.5],
			"scale": [0.8, 0.8, 0.8]
		},
		"firstperson_righthand": {
			"rotation": [-5, 0, -6],
			"translation": [1, 7.25, -1],
			"scale": [0.5, 0.5, 0.5]
		},
		"firstperson_lefthand": {
			"rotation": [140, 4, -10],
			"translation": [2.38, 1.45, 2.88]
		},
		"ground": {
			"rotation": [-100, 0, 0],
			"translation": [0, 1, 0],
			"scale": [0.6, 0.6, 0.6]
		},
		"gui": {
			"rotation": [50, 60, 90],
			"translation": [-1, -0.5, 0],
			"scale": [0.5, 0.5, 0.5]
		},
		"head": {
			"translation": [0, 19.5, 0]
		},
		"fixed": {
			"rotation": [-90, -45, -90],
			"translation": [0.5, 1, -1.75]
		}
	},
	"groups": [
		{
			"name": "yamato",
			"origin": [8, 1, 7.25],
			"color": 0,
			"nbt": "{}",
			"children": [
				0,
				1,
				2,
				3,
				4,
				5,
				6,
				7,
				8,
				9,
				10,
				11,
				12,
				13,
				14,
				15,
				16,
				17,
				18,
				19,
				20,
				21,
				22,
				23,
				24,
				25,
				26,
				27,
				28,
				29,
				30,
				31,
				32,
				33,
				34,
				35,
				36,
				37,
				38,
				39,
				40,
				41,
				42,
				43,
				44,
				45,
				46,
				47,
				48,
				49,
				50,
				51,
				52,
				53
			]
		}
	]
}