{
	"credit": "Made with Blockbench",
	"texture_size": [64, 64],
	"textures": {
		"0": "./rstexture",
		"particle": "./rstexture"
	},
	"elements": [
		{
			"name": "hand",
			"from": [6.75, -4.5, 7.25],
			"to": [9.25, -3.5, 8.75],
			"rotation": {"angle": 22.5, "axis": "z", "origin": [8, -3.5, 8]},
			"faces": {
				"north": {"uv": [14.125, 2.5, 14.75, 2.75], "texture": "#0"},
				"east": {"uv": [13.375, 2.5, 13.75, 2.75], "texture": "#0"},
				"south": {"uv": [14.75, 2.5, 14.125, 2.75], "texture": "#0"},
				"west": {"uv": [13.75, 2.5, 14.125, 2.75], "texture": "#0"},
				"up": {"uv": [14.75, 3.125, 14.125, 2.75], "texture": "#0"},
				"down": {"uv": [14.75, 3.125, 14.125, 3.5], "texture": "#0"}
			}
		},
		{
			"name": "hand",
			"from": [6.75, 0, 7.25],
			"to": [9.25, 1, 8.75],
			"rotation": {"angle": 22.5, "axis": "z", "origin": [8, 0.5, 8]},
			"faces": {
				"north": {"uv": [14.125, 2.5, 14.75, 2.75], "texture": "#0"},
				"east": {"uv": [13.375, 2.5, 13.75, 2.75], "texture": "#0"},
				"south": {"uv": [14.75, 2.5, 14.125, 2.75], "texture": "#0"},
				"west": {"uv": [13.75, 2.5, 14.125, 2.75], "texture": "#0"},
				"up": {"uv": [14.75, 3.125, 14.125, 2.75], "texture": "#0"},
				"down": {"uv": [14.75, 3.125, 14.125, 3.5], "texture": "#0"}
			}
		},
		{
			"name": "hand",
			"from": [6.75, 5, 7.25],
			"to": [9.25, 6, 8.75],
			"faces": {
				"north": {"uv": [15.375, 5, 16, 5.25], "texture": "#0"},
				"east": {"uv": [15.625, 5.625, 16, 5.875], "texture": "#0"},
				"south": {"uv": [16, 5, 15.375, 5.25], "texture": "#0"},
				"west": {"uv": [15.625, 5.875, 16, 6.125], "texture": "#0"},
				"up": {"uv": [15.375, 5.625, 14.75, 5.25], "texture": "#0"},
				"down": {"uv": [16, 5.25, 15.375, 5.625], "texture": "#0"}
			}
		},
		{
			"name": "hand",
			"from": [7, -4, 7.5],
			"to": [9, 5, 8.5],
			"faces": {
				"north": {"uv": [14.25, 0, 14.75, 2.25], "texture": "#0"},
				"east": {"uv": [14.25, 0, 14.375, 2.25], "texture": "#0"},
				"south": {"uv": [14.75, 0, 14.25, 2.25], "texture": "#0"},
				"west": {"uv": [14.625, 0, 14.75, 2.25], "texture": "#0"},
				"up": {"uv": [14.75, 2.5, 14.25, 2.25], "texture": "#0"},
				"down": {"uv": [14.25, 2.25, 13.75, 2.5], "texture": "#0"}
			}
		},
		{
			"name": "hand",
			"from": [6.5, 6, 7],
			"to": [9.5, 7, 9],
			"faces": {
				"north": {"uv": [11.5, 1, 12.25, 1.25], "texture": "#0"},
				"east": {"uv": [11.75, 1.5, 12.25, 1.75], "texture": "#0"},
				"south": {"uv": [12.25, 1, 11.5, 1.25], "texture": "#0"},
				"west": {"uv": [11.75, 1.25, 12.25, 1.5], "texture": "#0"},
				"up": {"uv": [12.25, 0.5, 11.5, 0], "texture": "#0"},
				"down": {"uv": [12.25, 0.5, 11.5, 1], "texture": "#0"}
			}
		},
		{
			"name": "blade",
			"from": [7.25, 7, 8],
			"to": [8.75, 32, 8],
			"faces": {
				"north": {"uv": [12.25, 0, 12.625, 6.25], "texture": "#0"},
				"east": {"uv": [0, 0, 0, 6.25], "texture": "#0"},
				"south": {"uv": [12.625, 0, 12.25, 6.25], "texture": "#0"},
				"west": {"uv": [0, 0, 0, 6.25], "texture": "#0"},
				"up": {"uv": [0.375, 0, 0, 0], "texture": "#0"},
				"down": {"uv": [0.375, 0, 0, 0], "texture": "#0"}
			}
		}
	],
	"display": {
		"thirdperson_righthand": {
			"rotation": [0, -90, 0],
			"translation": [0, 5.5, 0]
		},
		"thirdperson_lefthand": {
			"rotation": [0, 90, 0],
			"translation": [0, 5.5, 0]
		},
		"firstperson_righthand": {
			"rotation": [-10, -90, 0],
			"translation": [3.75, 2.5, 0],
			"scale": [0.67, 0.67, 0.67]
		},
		"firstperson_lefthand": {
			"rotation": [-10, 90, 0],
			"translation": [3.75, 2.5, 0],
			"scale": [0.67, 0.67, 0.67]
		},
		"ground": {
			"rotation": [90, 0, 0],
			"translation": [0, -1.5, -2]
		},
		"gui": {
			"rotation": [0, 0, 45],
			"translation": [2.25, -2, 0],
			"scale": [0.5, 0.5, 0.5]
		},
		"head": {
			"scale": [0, 0, 0]
		},
		"fixed": {
			"translation": [0, -4.75, -1]
		}
	}
}